Collector,Station,id,Interval(seconds)
Alana,Beverages,1,6.862
Alana,Beverages,2,7.812
Alana,Beverages,3,21.28
Alana,Beverages,4,10.709
Alana,Beverages,5,16.818
Alana,Beverages,6,10.566
Alana,Beverages,7,14.07
Alana,Beverages,8,22.266
Alana,Beverages,9,22.531
Alana,Beverages,10,13.918
Alana,Beverages,11,15.022
Alana,Beverages,12,8.829
Alana,Beverages,13,11.34
Alana,Beverages,14,10.66
Alana,Beverages,15,32.747
Alana,Beverages,16,9.262
Alana,Beverages,17,5.191
Alana,Beverages,18,24.887
Alana,Beverages,19,8.498
Alana,Beverages,20,10.337
Alana,Beverages,21,35.728
Alana,Beverages,22,19.404
Alana,Beverages,23,6.615
Alana,Beverages,24,4.968
Alana,Beverages,25,4.299
Alana,Beverages,26,6.265
Alana,Beverages,27,7.345
Alana,Beverages,28,8.673
Alana,Beverages,29,16.093
Alana,Beverages,30,15.469
Alana,Beverages,31,7.891
Alana,Beverages,32,7.292
Alana,Beverages,33,11.117
Alana,Beverages,34,8.832
Alana,Beverages,35,12.751
Alana,Beverages,36,24.111
Alana,Beverages,37,11.829
Alana,Beverages,38,9.057
Alana,Beverages,39,7.888
Alana,Beverages,40,10.229
Alana,Beverages,41,12.798
Alana,Beverages,42,8.591
Alana,Beverages,43,7.586
Alana,Beverages,44,16.296
Alana,Beverages,45,16.344
Alana,Beverages,46,7.875
Alana,Beverages,47,14.614
Alana,Beverages,48,16.227
Alana,Beverages,49,14.534
Alana,Beverages,50,10.109
Alana,Beverages,51,10.048
Alana,Beverages,52,12.905
Alana,Beverages,53,7.001
Alana,Beverages,54,7.587
Alana,Beverages,55,13.978
Alana,Beverages,56,11.672
Alana,Beverages,57,5.306
Alana,Beverages,58,4.756
Alana,Beverages,59,25.925
Alana,Beverages,60,26.251
Alana,Beverages,61,13.446
Alana,Beverages,62,18.072
Alana,Beverages,63,6.519
Alana,Beverages,64,7.18
Alana,Beverages,65,6.979
Alana,Beverages,66,7.404
Alana,Beverages,67,9.562
Alana,Beverages,68,9.169
Alana,Beverages,69,6.673
Alana,Beverages,70,9.123
Alana,Beverages,71,16.628
Alana,Beverages,72,20.68
Alana,Beverages,73,9.584
Alana,Beverages,74,6.771
Alana,Beverages,75,7.961
Alana,Beverages,76,11.308
Alana,Beverages,77,9.407
Alana,Beverages,78,9.498
Alana,Beverages,79,8.778
Alana,Beverages,80,11.885
Alana,Beverages,81,21.852
Alana,Beverages,82,9.584
Alana,Beverages,83,7.915
Alana,Beverages,84,6.519
Alana,Beverages,85,5.72
Alana,Beverages,86,12.185
Alana,Beverages,87,18.424
Alana,Beverages,88,20.205
Alana,Beverages,89,7.052
Alana,Beverages,90,19.125
Alana,Beverages,91,8.179
Alana,Beverages,92,6.282
Alana,Beverages,93,6.227
Alana,Beverages,94,7.211
Alana,Beverages,95,9.258
Alana,Beverages,96,5.956
Alana,Beverages,97,7.727
Alana,Beverages,98,20.66
Alana,Beverages,99,8.34
Alana,Beverages,100,8.951
Alana,Beverages,101,8.728
Andy,Deli,1,30.515
Andy,Deli,2,17.095
Andy,Deli,3,26.541
Andy,Deli,4,14.44
Andy,Deli,5,24.225
Andy,Deli,6,10.514
Andy,Deli,7,11.604
Andy,Deli,8,13.244
Andy,Deli,9,9.238
Andy,Deli,10,37.679
Andy,Deli,11,10.932
Andy,Deli,12,7.009
Andy,Deli,13,5.51
Andy,Deli,14,38.094
Andy,Deli,15,74.11
Andy,Deli,16,6.965
Andy,Deli,17,27.738
Andy,Deli,18,31.841
Andy,Deli,19,28.129
Andy,Deli,20,19.807
Andy,Deli,21,71.516
Andy,Deli,22,42.77
Andy,Deli,1,21.987
Andy,Deli,2,13.643
Andy,Deli,3,17.949
Andy,Deli,4,20.178
Andy,Deli,5,22.937
Andy,Deli,6,12.131
Andy,Deli,7,38.781
Andy,Deli,8,28.675
Andy,Deli,9,20.072
Andy,Deli,10,36.314
Andy,Deli,11,25.971
Andy,Deli,12,72.538
Andy,Deli,13,57.967
Andy,Deli,14,24.081
Andy,Deli,15,24.21
Andy,Deli,16,15.784
Andy,Deli,17,14.476
Andy,Deli,18,11.768
Andy,Deli,19,23.66
Andy,Deli,20,38.624
Andy,Deli,21,41.23
Andy,Deli,22,21.629
Andy,Deli,23,25.103
Andy,Deli,24,16.667
Andy,Deli,25,39.107
Andy,Deli,26,52.707
Andy,Deli,27,27.922
Andy,Deli,28,31.363
Andy,Deli,29,54.812
Andy,Deli,30,14.311
Andy,Deli,31,20.69
Andy,Deli,32,16.378
Andy,Deli,33,21.888
Andy,Deli,34,46.866
Andy,Deli,35,21.029
Andy,Deli,36,20.248
Andy,Deli,37,15.842
Andy,Deli,38,14.851
Andy,Deli,39,22.801
Andy,Deli,40,14.144
Andy,Deli,41,29.174
Andy,Deli,42,9.255
Andy,Deli,43,40.467
Andy,Deli,44,46.292
Andy,Deli,45,21.932
Andy,Deli,46,61.698
Andy,Deli,47,20.327
Andy,Deli,48,54.815
Andy,Deli,49,19.811
Andy,Deli,50,94.654
Andy,Deli,1,31.894
Andy,Deli,2,26.666
Andy,Deli,3,26.057
Andy,Deli,4,20.972
Andy,Deli,5,25.275
Andy,Deli,6,82.802
Andy,Deli,7,25.759
Andy,Deli,8,46.6
Andy,Deli,9,77.089
Andy,Deli,10,50.282
Andy,Deli,11,13.714
Andy,Deli,12,5.272
Andy,Deli,13,29.988
Andy,Deli,14,16.895
Andy,Deli,16,8.003
Andy,Deli,17,35.683
Andy,Deli,18,56.944
Andy,Deli,19,62.214
Andy,Deli,20,21.918
Andy,Deli,21,30.724
Andy,Deli,22,17.373
Andy,Deli,23,46.677
Andy,Deli,24,24.066
Andy,Deli,25,26.924
Andy,Deli,26,48.738
Andy,Deli,27,27.157
Andy,Deli,28,26.425
Andy,Deli,29,24.164
Andy,Deli,30,10.606
Andy,Deli,31,23.738
Sharon,Family_meal,1,11.674
Sharon,Family_meal,2,17.85
Sharon,Family_meal,3,17.218
Sharon,Family_meal,4,12.75
Sharon,Family_meal,5,13.894
Sharon,Family_meal,6,57.032
Sharon,Family_meal,7,24.111
Sharon,Family_meal,8,48.529
Sharon,Family_meal,9,18.316
Sharon,Family_meal,10,10.082
Sharon,Family_meal,11,15.748
Sharon,Family_meal,12,21.031
Sharon,Family_meal,13,11.45
Sharon,Family_meal,14,37.51
Sharon,Family_meal,15,20.504
Sharon,Family_meal,16,29.13
Sharon,Family_meal,17,14.277
Sharon,Family_meal,18,19.151
Sharon,Family_meal,19,9.734
Sharon,Family_meal,20,9.71
Sharon,Family_meal,21,19.822
Sharon,Family_meal,22,18.339
Sharon,Family_meal,23,11.762
Sharon,Family_meal,24,19.958
Sharon,Family_meal,25,17.973
Sharon,Family_meal,26,27.341
Sharon,Family_meal,27,25.992
Sharon,Family_meal,28,20.977
Sharon,Family_meal,29,13.679
Sharon,Family_meal,30,15.854
Sharon,Family_meal,31,15.077
Sharon,Family_meal,32,10.567
Sharon,Family_meal,33,28.172
Sharon,Family_meal,34,14.768
Sharon,Family_meal,35,18.869
Sharon,Family_meal,36,11.946
Sharon,Family_meal,37,20.754
Sharon,Family_meal,38,22.831
Sharon,Family_meal,39,14.632
Sharon,Family_meal,40,54.519
Sharon,Family_meal,1,8.348
Sharon,Family_meal,2,7.971
Sharon,Family_meal,3,11.784
Sharon,Family_meal,4,12.946
Sharon,Family_meal,5,12.427
Sharon,Family_meal,6,8.835
Sharon,Family_meal,7,10.234
Sharon,Family_meal,8,36.817
Sharon,Family_meal,9,13.984
Sharon,Family_meal,10,31.272
Sharon,Family_meal,11,13.428
Sharon,Family_meal,12,9.318
Sharon,Family_meal,13,10.154
Sharon,Family_meal,14,11.32
Sharon,Family_meal,15,10.75
Sharon,Family_meal,16,10.16
Sharon,Family_meal,17,15.786
Sharon,Family_meal,18,10.269
Sharon,Family_meal,19,9.034
Sharon,Family_meal,20,13.786
Sharon,Family_meal,21,10.405
Sharon,Family_meal,22,11.993
Sharon,Family_meal,23,14.623
Sharon,Family_meal,24,27.218
Sharon,Family_meal,25,7.417
Sharon,Family_meal,26,8.52
Sharon,Family_meal,27,13.385
Sharon,Family_meal,28,12.072
Sharon,Family_meal,29,50.605
Sharon,Family_meal,30,22.172
Sharon,Family_meal,31,12.584
Sharon,Family_meal,32,10.144
Sharon,Family_meal,33,6.646
Sharon,Family_meal,34,17.798
Sharon,Family_meal,35,17.112
Sharon,Family_meal,36,20.136
Sharon,Family_meal,37,10.5
Sharon,Family_meal,38,30.593
Sharon,Family_meal,39,16.613
Sharon,Family_meal,40,5.391
Sharon,Family_meal,41,5.732
Sharon,Family_meal,42,8.4
Sharon,Family_meal,43,16.68
Sharon,Family_meal,44,70.35
Sharon,Family_meal,45,11.288
Sharon,Family_meal,46,12.701
Sharon,Family_meal,47,11.696
Sharon,Family_meal,48,18.097
Sharon,Family_meal,49,18.18
Sharon,Family_meal,50,16.401
Sharon,Family_meal,51,75.35
Sharon,Family_meal,52,10.647
Sharon,Family_meal,53,6.901
Sharon,Family_meal,54,7.375
Sharon,Family_meal,55,10.441
Sharon,Family_meal,56,15.691
Sharon,Family_meal,57,10.662
Sharon,Family_meal,58,11.698
Sharon,Family_meal,59,18.796
Sharon,Family_meal,60,15.511
Sharon,Family_meal,61,34.552
Sharon,Family_meal,62,14.948
Sharon,Family_meal,63,10.725
Sharon,Family_meal,64,8.828
Sharon,Family_meal,65,42.363
Sharon,Family_meal,66,14.996
Sharon,Family_meal,67,28.278
Sharon,Family_meal,68,0.219
Sharon,Family_meal,69,15.342
Sharon,Family_meal,70,10.8
Sharon,Family_meal,71,11.079
Sharon,Family_meal,72,7.213
Sharon,Family_meal,73,16.229
Sharon,Family_meal,74,8.997
Sharon,Family_meal,75,9.333
Sharon,Family_meal,76,12.569
Sharon,Family_meal,77,11.527
Sharon,Family_meal,78,12.052
Sharon,Family_meal,79,11.403
Sharon,Family_meal,80,10.495
Sharon,Family_meal,81,13.622
Sharon,Family_meal,83,9.022
Sharon,Family_meal,84,6.201
Sharon,Family_meal,85,11.279
Sharon,Family_meal,86,36.309
Sharon,Family_meal,87,52.637
Sharon,Family_meal,88,11.379
Abhishek,Global_market,1,5.868
Abhishek,Global_market,2,14.536
Abhishek,Global_market,3,21.135
Abhishek,Global_market,4,31.6
Abhishek,Global_market,5,58.601
Abhishek,Global_market,6,10.547
Abhishek,Global_market,7,22.332
Abhishek,Global_market,8,25.153
Abhishek,Global_market,9,5.748
Abhishek,Global_market,10,3.579
Abhishek,Global_market,11,26.991
Abhishek,Global_market,12,28.532
Abhishek,Global_market,13,22.738
Abhishek,Global_market,14,1.169
Abhishek,Global_market,1,9.225
Abhishek,Global_market,2,27.465
Abhishek,Global_market,3,20.508
Abhishek,Global_market,4,10.449
Abhishek,Global_market,5,14.541
Abhishek,Global_market,6,21.289
Abhishek,Global_market,7,34.971
Abhishek,Global_market,8,10.844
Abhishek,Global_market,9,21.989
Abhishek,Global_market,10,17.063
Abhishek,Global_market,12,7.297
Abhishek,Global_market,13,23.839
Abhishek,Global_market,15,14.148
Abhishek,Global_market,16,29.395
Abhishek,Global_market,17,17.48
Abhishek,Global_market,18,3.769
Abhishek,Global_market,19,19.299
Godfrey,Global_market,1,16.518
Godfrey,Global_market,2,17.699
Godfrey,Global_market,3,20.404
Godfrey,Global_market,4,19.708
Godfrey,Global_market,5,10.862
Godfrey,Global_market,6,17.99
Godfrey,Global_market,7,15.902
Godfrey,Global_market,8,16.549
Godfrey,Global_market,9,18.898
Godfrey,Global_market,10,23.354
Godfrey,Global_market,11,16.639
Godfrey,Global_market,12,1.152
Godfrey,Global_market,13,19.256
Godfrey,Global_market,14,69.439
Godfrey,Global_market,15,27.234
Godfrey,Global_market,16,9.007
Godfrey,Global_market,17,8.08
Godfrey,Global_market,18,25.6
Godfrey,Global_market,19,19.137
Godfrey,Global_market,20,7.628
Godfrey,Global_market,21,16.653
Godfrey,Global_market,22,21.398
Godfrey,Global_market,23,13.6
Godfrey,Global_market,24,15.423
Godfrey,Global_market,25,18.497
Godfrey,Global_market,26,9.927
Godfrey,Global_market,27,20.274
Godfrey,Global_market,28,10.307
Godfrey,Global_market,29,24.487
Godfrey,Global_market,30,18.943
Godfrey,Global_market,31,23.89
Godfrey,Global_market,32,13.962
Godfrey,Global_market,33,26.225
Godfrey,Global_market,34,15.865
Godfrey,Global_market,35,21.231
Godfrey,Global_market,36,6.945
Godfrey,Global_market,37,17.417
Godfrey,Global_market,38,23.556
Godfrey,Global_market,39,7.359
Godfrey,Global_market,40,17.976
Godfrey,Global_market,41,13.815
Godfrey,Global_market,42,9.103
Godfrey,Global_market,43,14.163
Godfrey,Global_market,44,5.16
Godfrey,Global_market,45,22.713
Godfrey,Global_market,46,102.776
Godfrey,Global_market,47,22.586
Godfrey,Global_market,48,15.441
Godfrey,Global_market,49,20.569
Godfrey,Global_market,50,17.559
Godfrey,Global_market,51,17.746
Godfrey,Global_market,52,37.352
Godfrey,Global_market,53,37.451
Godfrey,Global_market,54,21.054
Godfrey,Global_market,55,21.829
Godfrey,Global_market,56,29.958
Godfrey,Global_market,57,23.152
Godfrey,Global_market,58,16.779
Godfrey,Global_market,59,22.095
Godfrey,Global_market,60,20.167
Godfrey,Global_market,61,14.341
Godfrey,Global_market,62,5.083
Godfrey,Global_market,63,8.934
Godfrey,Global_market,64,19.16
Godfrey,Global_market,65,15.249
Godfrey,Global_market,66,21.119
Godfrey,Global_market,67,16.889
Godfrey,Global_market,68,11.779
Godfrey,Global_market,69,12.45
Godfrey,Global_market,70,36.998
Godfrey,Global_market,71,13.583
Godfrey,Global_market,72,20.851
Godfrey,Global_market,73,18.677
Godfrey,Global_market,74,13.633
Godfrey,Global_market,75,21.902
Godfrey,Global_market,76,10.222
Godfrey,Global_market,77,11.596
Godfrey,Global_market,78,16.997
Godfrey,Global_market,79,11.72
Godfrey,Global_market,80,11.052
Godfrey,Global_market,81,11.91
Godfrey,Global_market,82,10.097
Godfrey,Global_market,83,23.987
Godfrey,Global_market,84,19.068
Godfrey,Global_market,85,17.283
Godfrey,Global_market,86,16.708
Godfrey,Global_market,87,13.705
Godfrey,Global_market,88,14.614
Godfrey,Global_market,89,23.046
Godfrey,Global_market,90,15.121
Godfrey,Global_market,91,15.816
Godfrey,Global_market,92,15.713
Godfrey,Global_market,93,113.411
Godfrey,Global_market,94,12.828
Godfrey,Global_market,95,13.626
Godfrey,Global_market,96,3.889
Godfrey,Global_market,97,9.595
Godfrey,Global_market,98,27.668
Godfrey,Global_market,99,5.508
Godfrey,Global_market,100,19.698
Godfrey,Global_market,101,7.786
Godfrey,Global_market,102,16.872
Godfrey,Global_market,103,12.038
Godfrey,Global_market,104,21.03
Godfrey,Global_market,105,15.158
Godfrey,Global_market,106,18.528
Godfrey,Global_market,107,17.888
Godfrey,Global_market,108,11.531
Godfrey,Global_market,109,12.66
Godfrey,Global_market,110,17.4
Godfrey,Global_market,111,8.493
Godfrey,Global_market,112,9.27
Godfrey,Global_market,113,20.043
Godfrey,Global_market,114,31.408
Godfrey,Global_market,115,6.509
Godfrey,Global_market,116,11.202
Godfrey,Global_market,117,13.098
Godfrey,Global_market,118,11.659
Godfrey,Global_market,119,78.12
Godfrey,Global_market,120,8.448
Godfrey,Global_market,121,9.481
Godfrey,Global_market,122,27.188
Godfrey,Global_market,123,29.69
Godfrey,Global_market,124,13.423
Godfrey,Global_market,125,27.079
Godfrey,Global_market,126,15.769
Godfrey,Global_market,127,10.06
Godfrey,Global_market,128,13.66
Godfrey,Global_market,129,12.524
Godfrey,Global_market,130,16.124
Godfrey,Global_market,131,12.917
Godfrey,Global_market,132,7.628
Godfrey,Global_market,133,10.765
Godfrey,Global_market,134,12.496
Godfrey,Global_market,135,12.984
Godfrey,Global_market,136,19.358
Godfrey,Global_market,137,12.328
Godfrey,Global_market,138,11.547
Godfrey,Global_market,139,14.744
Godfrey,Global_market,140,19.941
Godfrey,Global_market,141,76.98
Godfrey,Global_market,142,21.519
Godfrey,Global_market,143,11.281
Godfrey,Global_market,144,8.135
Godfrey,Global_market,145,13.203
Godfrey,Global_market,146,12.022
Godfrey,Global_market,147,16.932
Godfrey,Global_market,148,24.658
Godfrey,Global_market,149,7.377
Godfrey,Global_market,150,17.238
Mira,Gluten_free,2,20.134
Mira,Gluten_free,3,9.817
Mira,Gluten_free,4,19.513
Mira,Gluten_free,5,17.501
Mira,Gluten_free,6,21.328
Mira,Gluten_free,7,9.2
Mira,Gluten_free,8,18.959
Mira,Gluten_free,9,23.776
Mira,Gluten_free,10,10.422
Mira,Gluten_free,11,19.067
Mira,Gluten_free,12,16.149
Mira,Gluten_free,13,25.263
Mira,Gluten_free,14,27.626
Mira,Gluten_free,15,17.776
Mira,Gluten_free,16,16.001
Mira,Gluten_free,17,11.957
Mira,Gluten_free,18,9.564
Mira,Gluten_free,19,11.942
Mira,Gluten_free,20,16.154
Mira,Gluten_free,21,25.229
Mira,Gluten_free,22,21.407
Mira,Gluten_free,23,19.978
Mira,Gluten_free,24,15.818
Mira,Gluten_free,25,26.278
Mira,Gluten_free,26,10.697
Mira,Gluten_free,27,12.413
Mira,Gluten_free,28,27.686
Mira,Gluten_free,29,22.792
Mira,Gluten_free,30,19.766
Mira,Gluten_free,31,21.424
Mira,Gluten_free,32,13.581
Mira,Gluten_free,33,13.8
Mira,Gluten_free,34,11.026
Mira,Gluten_free,35,30.264
Mira,Gluten_free,36,16.477
Mira,Gluten_free,37,18.638
Mira,Gluten_free,38,14.778
Mira,Gluten_free,39,9
Mira,Gluten_free,40,10.974
Mira,Gluten_free,41,9.214
Mira,Gluten_free,42,8.129
Mira,Gluten_free,43,27.588
Mira,Gluten_free,44,23.455
Mira,Gluten_free,45,19.16
Mira,Gluten_free,46,19.213
Mira,Gluten_free,47,14.831
Mira,Gluten_free,48,13.119
Mira,Gluten_free,49,19.322
Mira,Gluten_free,50,17.955
Mira,Gluten_free,51,15.309
Mira,Gluten_free,52,16.92
Mira,Gluten_free,53,20.049
Mira,Gluten_free,54,17.399
Mira,Gluten_free,55,10.729
Mira,Gluten_free,56,23.301
Mira,Gluten_free,57,9.807
Mira,Gluten_free,58,10.546
Mira,Gluten_free,59,8.315
Mira,Gluten_free,60,12.971
Mira,Gluten_free,61,16.584
Mira,Gluten_free,62,11.275
Mira,Gluten_free,63,8.971
Mira,Gluten_free,64,6.02
Mira,Gluten_free,65,15.026
Mira,Gluten_free,66,10.32
Mira,Gluten_free,67,23.894
Mira,Gluten_free,68,16.045
Mira,Gluten_free,69,10.138
Mira,Gluten_free,70,16.438
Mira,Gluten_free,71,10.529
Mira,Gluten_free,72,17.314
Mira,Gluten_free,73,16.922
Mira,Gluten_free,74,16.377
Mira,Gluten_free,75,23.127
Mira,Gluten_free,76,34.938
Mira,Gluten_free,77,23.871
Mira,Gluten_free,78,18.012
Mira,Gluten_free,79,10.947
Mira,Gluten_free,80,27.767
Mira,Gluten_free,81,14.675
Mira,Gluten_free,82,21.091
Mira,Gluten_free,83,23.57
Mira,Gluten_free,84,11.842
Mira,Gluten_free,85,14.648
Mira,Gluten_free,86,11.394
Mira,Gluten_free,87,17.769
Mira,Gluten_free,88,11.598
Mira,Gluten_free,89,20.799
Mira,Gluten_free,90,10.781
Mira,Gluten_free,91,14.193
Mira,Gluten_free,92,26.197
Mira,Gluten_free,93,22.283
Mira,Gluten_free,94,12.303
Mira,Gluten_free,95,26.759
Mira,Gluten_free,96,22.326
Mira,Gluten_free,97,24.586
Mira,Gluten_free,98,24.657
Mira,Gluten_free,99,22.294
Mira,Gluten_free,100,15.065
Mira,Gluten_free,101,25.353
Mira,Gluten_free,102,21.584
Mira,Gluten_free,103,22.282
Mira,Gluten_free,104,9.3
Mira,Gluten_free,105,19.219
Mira,Gluten_free,106,67.502
Mira,Gluten_free,107,17.863
Mira,Gluten_free,108,23.73
Mira,Gluten_free,109,8.141
Mira,Gluten_free,110,20.961
Mira,Gluten_free,111,14.788
Mira,Gluten_free,112,11.298
Mira,Gluten_free,113,15.1
Mira,Gluten_free,114,14.165
Mira,Gluten_free,115,25.603
Mira,Gluten_free,116,19.325
Mira,Gluten_free,117,19.203
Mira,Gluten_free,118,10.558
Mira,Gluten_free,119,11.66
Mira,Gluten_free,120,14.391
Mira,Gluten_free,121,8.807
Mira,Gluten_free,122,11.795
Mira,Gluten_free,123,15.703
Mira,Gluten_free,124,10.833
Mira,Gluten_free,125,16.653
Mira,Gluten_free,126,23.861
Mira,Gluten_free,127,25.574
Mira,Gluten_free,128,33.098
Mira,Gluten_free,129,25.079
Abhishek,Grill,1,20.861
Abhishek,Grill,2,6.973
Abhishek,Grill,3,26.095
Abhishek,Grill,4,1.029
Sameen,Grill,1,7.146
Sameen,Grill,2,9.381
Sameen,Grill,3,3.897
Sameen,Grill,4,11.964
Sameen,Grill,5,8.638
Sameen,Grill,6,25.39
Sameen,Grill,7,7.729
Sameen,Grill,8,69.18
Sameen,Grill,9,10.095
Sameen,Grill,10,11.883
Sameen,Grill,11,8.386
Sameen,Grill,12,10.579
Sameen,Grill,13,16.262
Sameen,Grill,14,15.447
Sameen,Grill,15,11.421
Sameen,Grill,16,18.882
Sameen,Grill,17,25.721
Sameen,Grill,18,17.045
Sameen,Grill,19,24.787
Sameen,Grill,20,28.608
Sameen,Grill,21,17.93
Sameen,Grill,22,14.007
Sameen,Grill,23,22.468
Sameen,Grill,24,11.494
Sameen,Grill,25,18.725
Sameen,Grill,26,13.445
Sameen,Grill,27,6.611
Sameen,Grill,28,30.792
Sameen,Grill,29,10.838
Sameen,Grill,30,10.86
Sameen,Grill,31,12.583
Sameen,Grill,32,15.734
Sameen,Grill,33,6.642
Sameen,Grill,34,14.636
Sameen,Grill,35,10.791
Sameen,Grill,36,7.849
Sameen,Grill,37,29.456
Sameen,Grill,38,29.149
Sameen,Grill,39,21.35
Sameen,Grill,40,11.294
Sameen,Grill,41,8.293
Sameen,Grill,42,19.554
Sameen,Grill,43,8.91
Sameen,Grill,44,16.846
Sameen,Grill,45,5.349
Sameen,Grill,46,17.341
Sameen,Grill,47,16.555
Sameen,Grill,48,27.502
Sameen,Grill,49,8.344
Sameen,Grill,50,14.902
Sameen,Grill,51,24.422
Sameen,Grill,52,13.763
Sameen,Grill,53,10.419
Sameen,Grill,54,11.601
Sameen,Grill,55,19.744
Sameen,Grill,56,7.226
Sameen,Grill,57,105.844
Sameen,Grill,58,9.903
Sameen,Grill,59,8.27
Sameen,Grill,60,17.894
Sameen,Grill,61,14.268
Sameen,Grill,62,31.288
Sameen,Grill,63,12.432
Sameen,Grill,64,10.225
Sameen,Grill,65,23.083
Sameen,Grill,66,14.595
Sameen,Grill,67,24.777
Sameen,Grill,68,10.068
Sameen,Grill,69,12.303
Sameen,Grill,70,17.658
Sameen,Grill,71,19.607
Sameen,Grill,72,26.027
Sameen,Grill,73,11.682
Sameen,Grill,74,26.574
Sameen,Grill,75,16.107
Sameen,Grill,76,20.286
Sameen,Grill,77,27.154
Sameen,Grill,78,27.713
Sameen,Grill,79,26.814
Sameen,Grill,80,48.615
Sameen,Grill,81,14.729
Sameen,Grill,82,13.143
Sameen,Grill,83,8.424
Sameen,Grill,84,4.309
Sameen,Grill,85,14.957
Sameen,Grill,86,9.019
Sameen,Grill,87,4.82
Sameen,Grill,88,21.41
Sameen,Grill,89,47.244
Sameen,Grill,90,16.14
Sameen,Grill,91,35.379
Sameen,Grill,92,29.781
Sameen,Grill,93,41.647
Sameen,Grill,94,20.044
Sameen,Grill,95,12.863
Sameen,Grill,96,16.458
Sameen,Grill,97,22.02
Sameen,Grill,98,15.923
Sameen,Grill,99,16.715
Sameen,Grill,100,22.644
Sameen,Grill,101,10.619
Sameen,Grill,102,8.85
Sameen,Grill,103,12.704
Sameen,Grill,104,8.998
Sameen,Grill,105,14.704
Sameen,Grill,106,14.996
Sameen,Grill,107,19.445
Sameen,Grill,108,21.386
Sameen,Grill,109,8.371
Sameen,Grill,110,61.564
Sameen,Grill,111,17.411
Sameen,Grill,112,7.974
Sameen,Grill,113,10.018
Sameen,Grill,114,9.224
Sameen,Grill,115,31.116
Sameen,Grill,116,11.836
Sameen,Grill,117,12.354
Sameen,Grill,118,38.294
Sameen,Grill,119,9.904
Sameen,Grill,120,15.18
Sameen,Grill,121,28.142
Sameen,Grill,122,7.551
Sameen,Grill,123,10.571
Sameen,Grill,124,11.849
Sameen,Grill,125,9.307
Sameen,Grill,126,11.639
Sameen,Grill,127,5.122
Sameen,Grill,128,17.399
Sameen,Grill,129,9.591
Sameen,Grill,130,8.605
Sameen,Grill,131,17.823
Sameen,Grill,132,19.245
Sameen,Grill,133,10.798
Sameen,Grill,134,32.565
Sameen,Grill,135,8.557
Sameen,Grill,136,10.12
Sameen,Grill,137,16.466
Sameen,Grill,138,13.741
Sameen,Grill,139,15.648
Sameen,Grill,140,13.082
Sameen,Grill,141,26.034
Sameen,Grill,142,11.025
Sameen,Grill,143,17.684
Sameen,Grill,144,44.91
Sameen,Grill,145,16.876
Sameen,Grill,146,15.054
Sameen,Grill,147,6.522
Sameen,Grill,148,14.826
Sameen,Grill,149,18.399
Sameen,Grill,150,10.996
Sameen,Grill,151,8.592
Sameen,Grill,152,12.903
Sameen,Grill,153,5.232
Sameen,Grill,154,21.691
Sameen,Grill,155,30.053
Sameen,Grill,156,11.035
Sameen,Grill,157,12.578
Sameen,Grill,158,13.776
Sameen,Grill,159,24.192
Sameen,Grill,160,17.991
Sameen,Grill,161,11.002
Sameen,Grill,162,9.604
Sameen,Grill,163,6.528
Sameen,Grill,164,10.043
Sameen,Grill,165,15.105
Sameen,Grill,166,42.604
Sameen,Grill,167,33.05
Sameen,Grill,168,38.005
Sameen,Grill,169,25.94
Sameen,Grill,170,15.8
Sameen,Grill,171,30.195
Sameen,Grill,172,19.144
Sameen,Grill,173,15.851
Sameen,Grill,174,13.553
Sameen,Grill,175,41.434
Sameen,Grill,176,21.984
Sameen,Grill,177,25.205
Sameen,Grill,178,22.234
Sameen,Grill,179,18.549
Sameen,Grill,180,19.225
Sameen,Grill,181,26.605
Sameen,Grill,182,15.617
Sameen,Grill,183,22.478
Sameen,Grill,184,11.328
Sameen,Grill,185,29.134
Sameen,Grill,186,24.591
Sameen,Grill,187,43.593
Sameen,Grill,188,9.047
Sameen,Grill,189,14.894
Sameen,Grill,190,7.502
Sameen,Grill,191,16.426
Sameen,Grill,192,16.037
Sameen,Grill,193,25.42
Sameen,Grill,194,16.897
Sameen,Grill,195,17.049
Sameen,Grill,196,13.506
Sameen,Grill,197,17.63
Sameen,Grill,198,9.165
Sameen,Grill,199,12.455
Sameen,Grill,200,27.247
Sameen,Grill,201,46.508
Sameen,Grill,202,16.705
Sameen,Grill,203,30.958
Sameen,Grill,204,25.923
Sameen,Grill,205,23.507
Sameen,Grill,206,15.077
Sameen,Grill,207,12.432
Josh,Juice,1,3.626
Josh,Juice,2,7.237
Josh,Juice,3,3.917
Josh,Juice,4,5.915
Josh,Juice,5,12.406
Josh,Juice,6,6.692
Josh,Juice,7,8.483
Josh,Juice,8,12.451
Josh,Juice,9,5.668
Josh,Juice,10,5.986
Josh,Juice,11,9.248
Josh,Juice,12,12.284
Josh,Juice,13,8.291
Josh,Juice,14,9.785
Josh,Juice,15,3.282
Josh,Juice,16,4.006
Josh,Juice,17,13.012
Josh,Juice,18,5.066
Josh,Juice,19,9.957
Josh,Juice,20,8.499
Josh,Juice,21,6.65
Josh,Juice,22,4.559
Josh,Juice,23,12.142
Josh,Juice,24,5.457
Josh,Juice,25,9.636
Josh,Juice,26,17.371
Josh,Juice,27,9.968
Josh,Juice,28,5.191
Josh,Juice,29,7.003
Josh,Juice,30,6.066
Josh,Juice,31,11.478
Josh,Juice,32,7.921
Josh,Juice,33,6.247
Josh,Juice,34,6.569
Josh,Juice,35,6.763
Josh,Juice,36,25.125
Josh,Juice,37,14.98
Josh,Juice,38,8.077
Josh,Juice,39,7.459
Josh,Juice,40,8.643
Josh,Juice,41,5.829
Josh,Juice,42,7.092
Josh,Juice,43,10.085
Josh,Juice,44,9.083
Josh,Juice,45,7.248
Josh,Juice,46,10.47
Josh,Juice,47,9.54
Josh,Juice,48,12.833
Josh,Juice,49,10.518
Josh,Juice,50,9.761
Josh,Juice,51,10.12
Josh,Juice,52,11.17
Josh,Juice,53,8.498
Josh,Juice,54,9.147
Josh,Juice,55,6.689
Josh,Juice,56,11.703
Josh,Juice,57,12.922
Josh,Juice,58,9.394
Josh,Juice,59,7.366
Josh,Juice,60,4.379
Josh,Juice,61,8.631
Josh,Juice,62,11.464
Josh,Juice,63,9.8
Josh,Juice,64,6.11
Josh,Juice,65,19.994
Josh,Juice,66,9.438
Josh,Juice,67,13.865
Josh,Juice,68,7.274
Josh,Juice,69,16.465
Josh,Juice,70,13.542
Josh,Juice,71,9.562
Josh,Juice,72,8.763
Josh,Juice,73,5.345
Josh,Juice,74,8.541
Josh,Juice,75,5.38
Josh,Juice,76,6.253
Josh,Juice,77,4.514
Josh,Juice,78,7.214
Josh,Juice,79,5.945
Josh,Juice,80,5.573
Josh,Juice,81,7.999
Josh,Juice,82,7.286
Josh,Juice,83,11.176
Josh,Juice,84,4.508
Josh,Juice,85,6.493
Josh,Juice,86,7.98
Josh,Juice,87,6.098
Josh,Juice,88,6.893
Josh,Juice,89,6.425
Josh,Juice,90,7.071
Josh,Juice,91,6.464
Josh,Juice,92,6.176
Josh,Juice,93,5.773
Josh,Juice,94,9.866
Josh,Juice,95,7.51
Josh,Juice,96,6.058
Josh,Juice,97,7.636
Josh,Juice,98,6.178
Josh,Juice,99,9.189
Josh,Juice,100,6.824
Josh,Juice,101,5.759
Josh,Juice,102,8.396
Josh,Juice,103,11.131
Josh,Juice,104,9.876
Josh,Juice,105,9.186
Josh,Juice,106,15.186
Josh,Juice,107,13.915
Josh,Juice,108,6.549
Josh,Juice,109,29.073
Josh,Juice,110,16.694
Josh,Juice,111,7.588
Josh,Juice,112,15.053
Josh,Juice,113,9.753
Josh,Juice,114,9.281
Josh,Juice,115,12.385
Josh,Juice,116,8.548
Josh,Juice,117,7.633
Josh,Juice,118,8.153
Josh,Juice,119,11.43
Josh,Juice,120,3.99
Josh,Juice,121,15.083
Josh,Juice,122,5.624
Josh,Juice,123,20.249
Josh,Juice,124,6.987
Josh,Juice,125,7.107
Josh,Juice,126,8.458
Josh,Juice,127,9.953
Josh,Juice,128,8.787
Josh,Juice,129,8.925
Josh,Juice,130,3.28
Josh,Juice,131,9.901
Josh,Juice,132,7.063
Josh,Juice,133,15.306
Josh,Juice,134,12.057
Josh,Juice,135,10.394
Josh,Juice,136,14.193
Josh,Juice,137,9.125
Josh,Juice,138,6.927
Josh,Juice,139,8.726
Josh,Juice,140,10.391
Josh,Juice,141,13.255
Josh,Juice,142,11.751
Josh,Juice,143,10.372
Josh,Juice,144,12.628
Josh,Juice,145,8.421
Josh,Juice,146,10.942
Josh,Juice,147,13.412
Josh,Juice,148,8.939
Josh,Juice,149,9.231
Josh,Juice,150,13.138
Josh,Juice,151,8.751
Josh,Juice,152,3.804
Josh,Juice,153,11.208
Josh,Juice,154,4.682
Josh,Juice,155,5.908
Josh,Juice,156,5.054
Josh,Juice,157,13.054
Josh,Juice,158,10.023
Josh,Juice,159,7.602
Josh,Juice,160,8.757
Josh,Juice,161,5.483
Josh,Juice,162,6.599
Josh,Juice,163,9.336
Josh,Juice,164,11.923
Josh,Juice,165,12.918
Josh,Juice,166,6.991
Josh,Juice,167,6.999
Josh,Juice,168,5.457
Josh,Juice,169,8.422
Josh,Juice,170,5.108
Josh,Juice,171,6.168
Josh,Juice,172,6.237
Josh,Juice,173,7.78
Josh,Juice,174,6.397
Josh,Juice,175,8.086
Josh,Juice,176,8.319
Josh,Juice,177,10.748
Josh,Juice,178,8.769
Josh,Juice,179,8.45
Josh,Juice,180,11.643
Josh,Juice,181,6.324
Josh,Juice,182,8.173
Josh,Juice,183,2.838
Josh,Juice,184,9.985
Josh,Juice,185,14.518
Josh,Juice,186,26.417
Josh,Juice,187,6.754
Josh,Juice,188,13.23
Josh,Juice,189,6.733
Josh,Juice,190,13.633
Josh,Juice,191,14.896
Josh,Juice,192,14.65
Josh,Juice,193,6.157
Josh,Juice,194,11.557
Josh,Juice,195,10.321
Josh,Juice,196,10.52
Josh,Juice,197,9.646
Josh,Juice,198,10.04
Josh,Juice,199,10.399
Josh,Juice,200,6.683
Josh,Juice,201,5.099
Josh,Juice,202,6.852
Josh,Juice,203,7.102
Josh,Juice,204,7.527
Josh,Juice,205,5.934
Myra,Pasta,1,12.965
Myra,Pasta,2,8.078
Myra,Pasta,3,6.55
Myra,Pasta,4,18.474
Myra,Pasta,5,21.87
Myra,Pasta,6,17.759
Myra,Pasta,7,5.091
Myra,Pasta,8,17.186
Myra,Pasta,9,15.946
Myra,Pasta,10,15.995
Myra,Pasta,11,11.941
Myra,Pasta,12,1.289
Myra,Pasta,13,3.195
Myra,Pasta,14,11.243
Myra,Pasta,15,22.848
Myra,Pasta,16,30.112
Myra,Pasta,17,1.811
Myra,Pasta,18,15.651
Myra,Pasta,19,6.727
Myra,Pasta,20,24.867
Myra,Pasta,21,14.285
Myra,Pasta,22,21.367
Myra,Pasta,23,4.628
Myra,Pasta,24,24.247
Myra,Pasta,25,15.487
Myra,Pasta,26,12.622
Myra,Pasta,27,15.382
Myra,Pasta,28,33.337
Myra,Pasta,29,8.021
Myra,Pasta,30,35.748
Myra,Pasta,31,7.313
Myra,Pasta,32,11.178
Myra,Pasta,33,15.061
Myra,Pasta,34,11.615
Myra,Pasta,35,11.684
Myra,Pasta,36,10.717
Myra,Pasta,37,15.768
Myra,Pasta,38,7.071
Myra,Pasta,39,13.185
Myra,Pasta,40,12.282
Myra,Pasta,41,9.791
Myra,Pasta,42,7.842
Myra,Pasta,43,9.15
Myra,Pasta,44,23.528
Myra,Pasta,45,21.852
Myra,Pasta,46,14.294
Myra,Pasta,47,19.674
Myra,Pasta,48,2.233
Myra,Pasta,49,5.389
Myra,Pasta,50,21.909
Myra,Pasta,51,18.446
Myra,Pasta,52,13.993
Myra,Pasta,53,27.388
Myra,Pasta,54,1.778
Myra,Pasta,55,14.879
Myra,Pasta,56,14.612
Myra,Pasta,57,4.214
Myra,Pasta,58,20.398
Myra,Pasta,59,3.498
Myra,Pasta,60,17.141
Myra,Pasta,61,21.646
Myra,Pasta,62,27.001
Myra,Pasta,63,14.923
Myra,Pasta,64,18.443
Myra,Pasta,65,14.68
Myra,Pasta,66,11.547
Myra,Pasta,67,29.46
Myra,Pasta,68,16.003
Myra,Pasta,69,6.842
Myra,Pasta,70,13.979
Myra,Pasta,71,12.627
Myra,Pasta,72,13.143
Myra,Pasta,73,20.481
Myra,Pasta,74,6.774
Myra,Pasta,75,12.889
Myra,Pasta,76,10.028
Myra,Pasta,77,17.417
Myra,Pasta,78,17.338
Myra,Pasta,79,15.702
Myra,Pasta,80,28.946
Myra,Pasta,81,23.92
Myra,Pasta,82,17.048
Myra,Pasta,83,19.338
Myra,Pasta,84,8.356
Myra,Pasta,85,14.04
Myra,Pasta,86,12.189
Myra,Pasta,87,21.21
Myra,Pasta,88,15.154
Myra,Pasta,89,9.115
Myra,Pasta,90,10.675
Myra,Pasta,91,15.777
Myra,Pasta,92,14.388
Myra,Pasta,93,15.873
Myra,Pasta,94,13.576
Myra,Pasta,95,14.517
Myra,Pasta,96,12.33
Myra,Pasta,97,17.547
Myra,Pasta,98,8.087
Myra,Pasta,99,15.833
Myra,Pasta,100,6.416
Myra,Pasta,101,4.826
Myra,Pasta,102,7.755
Myra,Pasta,103,35.057
Myra,Pasta,104,15.127
Myra,Pasta,105,26.651
Myra,Pasta,106,9.198
Myra,Pasta,107,5.326
Myra,Pasta,108,14.888
Myra,Pasta,109,20.551
Abi,Pizza,1,13.314
Abi,Pizza,3,1.027
Abi,Pizza,4,22.581
Abi,Pizza,6,12.085
Abi,Pizza,8,12.412
Abi,Pizza,10,9.048
Abi,Pizza,12,5.799
Abi,Pizza,14,9.466
Abi,Pizza,16,13.454
Abi,Pizza,18,7.93
Abi,Pizza,20,19.04
Abi,Pizza,22,21.928
Abi,Pizza,24,17.386
Abi,Pizza,26,8.106
Abi,Pizza,28,11.154
Abi,Pizza,30,9.272
Abi,Pizza,32,8.353
Abi,Pizza,34,14.931
Abi,Pizza,36,6.495
Abi,Pizza,38,22.346
Abi,Pizza,40,11.771
Abi,Pizza,42,15.379
Abi,Pizza,44,18.443
Abi,Pizza,46,13.922
Abi,Pizza,48,14.979
Abi,Pizza,50,23.309
Abi,Pizza,52,26.931
Abi,Pizza,54,9.626
Abi,Pizza,56,26.958
Abi,Pizza,58,16.28
Abi,Pizza,60,16.453
Abi,Pizza,62,10.443
Abi,Pizza,64,17.834
Abi,Pizza,66,11.623
Abi,Pizza,68,10.36
Abi,Pizza,70,27.149
Abi,Pizza,72,14.257
Abi,Pizza,74,13.692
Abi,Pizza,76,13.823
Abi,Pizza,78,8.574
Abi,Pizza,80,21.06
Abi,Pizza,82,17.401
Abi,Pizza,84,9.115
Abi,Pizza,86,11.891
Abi,Pizza,88,19.966
Abi,Pizza,90,11.644
Abi,Pizza,92,17.904
Abi,Pizza,94,16.683
Abi,Pizza,96,9.942
Abi,Pizza,98,22.541
Abi,Pizza,100,18.97
Abi,Pizza,102,16.872
Abi,Pizza,104,19.02
Abi,Pizza,106,12.438
Abi,Pizza,108,13.172
Abi,Pizza,110,19.391
Abi,Pizza,112,43.774
Abi,Pizza,114,20.527
Abi,Pizza,116,12.327
Abi,Pizza,118,14.498
Abi,Pizza,120,8.969
Abi,Pizza,122,30.191
Abi,Pizza,124,15.342
Abi,Pizza,126,15.317
Abi,Pizza,128,12.93
Abi,Pizza,130,25.353
Abi,Pizza,132,18.09
Abi,Pizza,134,13.941
Abi,Pizza,136,15.433
Abi,Pizza,138,18.593
Abi,Pizza,140,21.017
Abi,Pizza,142,16.54
Abi,Pizza,144,19.333
Abi,Pizza,146,14.283
Abi,Pizza,148,22.843
Abi,Pizza,150,22.456
Abi,Pizza,152,38.502
Abi,Pizza,154,15.881
Abi,Pizza,156,13.923
Abi,Pizza,158,17.967
Abi,Pizza,160,33.661
Abi,Pizza,162,37.394
Abi,Pizza,164,20.639
Abi,Pizza,166,17.584
Abi,Pizza,168,10.139
Abi,Pizza,170,21.659
Abi,Pizza,172,15.518
Abi,Pizza,174,17.523
Abi,Pizza,176,12.706
Abi,Pizza,178,17.201
Abi,Pizza,180,24.562
Abi,Pizza,182,13.458
Abi,Pizza,184,7.714
Abi,Pizza,186,19.463
Abi,Pizza,188,16.248
Abi,Pizza,190,14.048
Abi,Pizza,192,20.719
Abi,Pizza,194,22.895
Abi,Pizza,196,22.571
Abi,Pizza,198,15.417
Abi,Pizza,200,17.744
Abi,Pizza,202,13.317
Abi,Pizza,204,22.346
Abi,Pizza,206,16.109
Abi,Pizza,208,50.325
Abi,Pizza,210,26.216
Abi,Pizza,212,20.585
Abi,Pizza,214,13.952
Abi,Pizza,216,30.019
Abi,Pizza,218,18.406
Abi,Pizza,220,12.888
Abi,Pizza,222,17.357
Abi,Pizza,224,28.133
Abi,Pizza,226,16.021
Philipp_Scherbel,Salad,1,18.702
Philipp_Scherbel,Salad,2,8.652
Philipp_Scherbel,Salad,3,17.143
Philipp_Scherbel,Salad,4,19.625
Philipp_Scherbel,Salad,5,28.021
Philipp_Scherbel,Salad,6,28.723
Philipp_Scherbel,Salad,7,30.784
Philipp_Scherbel,Salad,8,19.926
Philipp_Scherbel,Salad,9,39.149
Philipp_Scherbel,Salad,10,50.241
Philipp_Scherbel,Salad,11,14.524
Philipp_Scherbel,Salad,12,29.264
Philipp_Scherbel,Salad,13,11.805
Philipp_Scherbel,Salad,14,29.082
Philipp_Scherbel,Salad,15,18.736
Philipp_Scherbel,Salad,16,10.597
Philipp_Scherbel,Salad,17,17.822
Philipp_Scherbel,Salad,18,23.781
Philipp_Scherbel,Salad,19,14.273
Philipp_Scherbel,Salad,20,20.592
Philipp_Scherbel,Salad,21,19.098
Philipp_Scherbel,Salad,22,26.536
Philipp_Scherbel,Salad,23,56.153
Philipp_Scherbel,Salad,24,11.254
Philipp_Scherbel,Salad,25,22.33
Philipp_Scherbel,Salad,26,15.662
Philipp_Scherbel,Salad,27,17.264
Philipp_Scherbel,Salad,28,26.773
Philipp_Scherbel,Salad,29,54.432
Philipp_Scherbel,Salad,30,23.047
Philipp_Scherbel,Salad,31,38.176
Philipp_Scherbel,Salad,32,27.151
Philipp_Scherbel,Salad,33,60.189
Philipp_Scherbel,Salad,34,1.238
Philipp_Scherbel,Salad,35,40.613
Philipp_Scherbel,Salad,36,79.53
Philipp_Scherbel,Salad,37,14.459
Philipp_Scherbel,Salad,38,58.658
Philipp_Scherbel,Salad,39,22.421
Philipp_Scherbel,Salad,40,26.674
Philipp_Scherbel,Salad,41,49.363
Philipp_Scherbel,Salad,42,29.218
Philipp_Scherbel,Salad,43,68.052
Philipp_Scherbel,Salad,44,39.697
Philipp_Scherbel,Salad,45,42.906
Philipp_Scherbel,Salad,46,33.039
Philipp_Scherbel,Salad,47,13.64
Philipp_Scherbel,Salad,48,49.996
Philipp_Scherbel,Salad,49,43.908
Philipp_Scherbel,Salad,1,45.737
Philipp_Scherbel,Salad,2,15.326
Philipp_Scherbel,Salad,3,19.335
Philipp_Scherbel,Salad,4,24.419
Philipp_Scherbel,Salad,5,39.499
Philipp_Scherbel,Salad,6,44.786
Philipp_Scherbel,Salad,7,11.982
Philipp_Scherbel,Salad,8,38.253
Philipp_Scherbel,Salad,9,40.979
Philipp_Scherbel,Salad,10,46.255
Philipp_Scherbel,Salad,11,43.182
Philipp_Scherbel,Salad,12,7.73
Philipp_Scherbel,Salad,13,38.621
Philipp_Scherbel,Salad,14,36.093
Philipp_Scherbel,Salad,15,32.278
Philipp_Scherbel,Salad,16,21.465
Philipp_Scherbel,Salad,17,30.799
Philipp_Scherbel,Salad,18,22.526
Philipp_Scherbel,Salad,19,17.623
Philipp_Scherbel,Salad,20,17.971
Philipp_Scherbel,Salad,21,35.61
Philipp_Scherbel,Salad,22,16.119
Philipp_Scherbel,Salad,23,32.997
Philipp_Scherbel,Salad,24,47.01
Philipp_Scherbel,Salad,25,35.097
Philipp_Scherbel,Salad,26,39.715
Philipp_Scherbel,Salad,27,67.88
Philipp_Scherbel,Salad,28,91.33
Philipp_Scherbel,Salad,29,15.158
Philipp_Scherbel,Salad,30,5.406
Philipp_Scherbel,Salad,31,43.726
Philipp_Scherbel,Salad,32,33.51
Philipp_Scherbel,Salad,33,25.005
Philipp_Scherbel,Salad,34,14.157
Philipp_Scherbel,Salad,35,33.086
Philipp_Scherbel,Salad,36,41.338
Philipp_Scherbel,Salad,37,48.711
Philipp_Scherbel,Salad,38,21.231
Philipp_Scherbel,Salad,39,40.372
Philipp_Scherbel,Salad,40,25.055
Philipp_Scherbel,Salad,41,16.247
Philipp_Scherbel,Salad,42,15.159
Philipp_Scherbel,Salad,43,20.093
Philipp_Scherbel,Salad,44,24.727
Philipp_Scherbel,Salad,45,24.58
Philipp_Scherbel,Salad,46,36.959
Philipp_Scherbel,Salad,47,14.15
Philipp_Scherbel,Salad,48,22.008
Philipp_Scherbel,Salad,49,48.264
Philipp_Scherbel,Salad,50,24.976
Philipp_Scherbel,Salad,51,28.257
Philipp_Scherbel,Salad,52,25.728
Philipp_Scherbel,Salad,53,21.536
Philipp_Scherbel,Salad,54,17.28
Philipp_Scherbel,Salad,55,14.129
Philipp_Scherbel,Salad,56,21.306
Philipp_Scherbel,Salad,57,22.854
Alana,Soup,1,39.504
Alana,Soup,2,17.208
Alana,Soup,3,35.651
Alana,Soup,4,30.413
Alana,Soup,5,34.539
Alana,Soup,6,12.861
Alana,Soup,7,40.926
Alana,Soup,8,30.403
Alana,Soup,9,30.942
Alana,Soup,10,51.104
Alana,Soup,11,21.98
Alana,Soup,12,2.383
Alana,Soup,13,27.731
Alana,Soup,14,20.758
Alana,Soup,15,33.791
Alana,Soup,16,24.847
Alana,Soup,17,12.987
Alana,Soup,18,37.034
Alana,Soup,19,19.71
Alana,Soup,20,27.392
Alana,Soup,21,19.945
Alana,Soup,22,28.065
Alana,Soup,23,18.524
Alana,Soup,24,14.322
Alana,Soup,25,15.952
Alana,Soup,26,18.194
Alana,Soup,27,15.413
Alana,Soup,28,25.043
Alana,Soup,29,19.384
Alana,Soup,30,13.914
Alana,Soup,31,34.116
Alana,Soup,32,22.001
Alana,Soup,33,27.974
Alana,Soup,34,22.3
Alana,Soup,35,25.64
Alana,Soup,36,28.392
Alana,Soup,37,42.325
Alana,Soup,38,17.648
Alana,Soup,39,16.003
Alana,Soup,40,23.508
Alana,Soup,41,26.171
Alana,Soup,42,19.183
Alana,Soup,43,20.391
Alex,Vegan,4,3.293
Alex,Vegan,5,11.87
Alex,Vegan,6,4.295
Alex,Vegan,7,15.874
Alex,Vegan,8,30.274
Alex,Vegan,9,10.033
Alex,Vegan,10,15.683
Alex,Vegan,11,9.115
Alex,Vegan,12,19.452
Alex,Vegan,13,17.433
Alex,Vegan,14,13.114
Alex,Vegan,15,28.889
Alex,Vegan,16,14.651
Alex,Vegan,17,12.228
Alex,Vegan,18,1.379
Alex,Vegan,19,10.682
Alex,Vegan,20,24.68
Alex,Vegan,21,20.198
Alex,Vegan,22,25.684
Alex,Vegan,23,27.785
Alex,Vegan,24,17.887
Alex,Vegan,25,19.475
Alex,Vegan,26,17.551
Alex,Vegan,27,22.334
Alex,Vegan,28,9.07
Alex,Vegan,29,27.388
Alex,Vegan,30,12.718
Alex,Vegan,31,27.015
Alex,Vegan,32,15.916
Alex,Vegan,33,33.251
Alex,Vegan,34,11.43
Alex,Vegan,35,0.323
Alex,Vegan,36,14.605
Alex,Vegan,37,14.152
Alex,Vegan,38,32.629
Alex,Vegan,39,14.805
Alex,Vegan,40,19.413
Alex,Vegan,41,13.346
Alex,Vegan,42,25
Alex,Vegan,43,4.806
Alex,Vegan,44,6.619
Alex,Vegan,45,14.521
Alex,Vegan,46,13.808
Alex,Vegan,47,9.861
Alex,Vegan,48,8.126
Alex,Vegan,49,16.59
Alex,Vegan,50,13.814
Alex,Vegan,51,20.285
Alex,Vegan,52,13.26
Alex,Vegan,53,27.504
Alex,Vegan,54,19.491
Alex,Vegan,55,19.079
Alex,Vegan,56,10.495
Alex,Vegan,57,17.376
Alex,Vegan,58,17.042
Alex,Vegan,59,28.37
Alex,Vegan,60,12.31
Alex,Vegan,61,10.344
Alex,Vegan,62,22.451
Alex,Vegan,63,28.546
Alex,Vegan,64,23.677
Alex,Vegan,65,13.628
Alex,Vegan,66,18.785
Alex,Vegan,67,12.253
Alex,Vegan,68,13.428
Alex,Vegan,69,10.829
Alex,Vegan,70,13.23
Alex,Vegan,71,36.109
Alex,Vegan,72,22.52
Alex,Vegan,73,14.154
Alex,Vegan,74,14.867
Alex,Vegan,75,11.57
Alex,Vegan,76,17.794
Alex,Vegan,77,2.317
Alex,Vegan,78,11.939
Alex,Vegan,79,17.377
